{"stat.killEntity.Blaze":13,"stat.mineBlock.139":110,"stat.mineBlock.14":2,"stat.mineBlock.13":150,"stat.mineBlock.15":2,"stat.mineBlock.18":21499,"stat.killEntity.PigZombie":90,"stat.mineBlock.17":4216,"stat.entityKilledBy.PigZombie":2,"achievement.theFirstStep":1,"stat.mineBlock.12":39,"tconstruct.smelteryMaker":156,"stat.entityKilledBy.Basalz":1,"stat.killEntity.Enderman":3,"stat.mineBlock.112":65,"stat.mineBlock.113":16,"achievement.buildPickaxe":3,"stat.killEntity.Witch":1,"achievement.buildBetterPickaxe":3,"achievement.woodenGear":24,"stat.mineBlock.126":137,"stat.killEntity.EntityFluidCow":19,"stat.mineBlock.129":1,"stat.mineBlock.175":1,"tconstruct.beginner":1,"achievement.mineWood":297,"stat.useItem.87":83,"stat.useItem.88":13,"stat.useItem.89":114,"stat.useItem.82":121,"achievement.openInventory":6845,"stat.mineBlock.154":8,"stat.mineBlock.153":75,"stat.mineBlock.159":161,"stat.useItem.98":12,"stat.deaths":13,"stat.playOneMinute":3992556,"umberstone":11,"stat.fallOneCm":5163414,"achievement.killCow":11,"stat.craftItem.1":2547,"tconstruct.proTinkerer":13,"tconstruct.preparedFight":12,"stat.craftItem.5":5869,"achievement.enterAether":51661,"stat.blockChiseled":7883,"stat.killEntity.LavaSlime":25,"stat.useItem.6":555,"stat.useItem.7":2,"achievement.acquireIron":2,"stat.useItem.1":201,"stat.useItem.4":514,"stat.useItem.5":270,"stat.useItem.3":328,"tconstruct.enemySlayer":85,"stat.useItem.351":596,"stat.craftItem.69":14,"chancecubes.GiantChanceCube":2,"stat.craftItem.101":64,"stat.useItem.112":2,"stat.craftItem.102":16,"stat.useItem.359":295,"stat.useItem.116":1,"stat.craftItem.61":43,"stat.craftItem.67":16,"stat.craftItem.336":112,"welcome":14,"stat.craftItem.330":1,"stat.craftItem.331":2367,"stat.swimOneCm":66818,"stat.useItem.126":269,"tconstruct.pattern":40,"stat.climbOneCm":92,"stat.useItem.129":1,"achievement.buildWorkBench":77,"stat.craftItem.76":1,"stat.craftItem.77":1,"stat.craftItem.70":1,"achievement.ae2.ChargedQuartz":2,"stat.craftItem.325":6,"achievement.exploreAllBiomes":{"value":0,"progress":["Savanna Plateau","Volcanic Desert","Submerged Swamp","FrozenRiver","Aether","Ice Plains","Plains","Desert","Hell","Ice Mountains","Savanna","Deep Ocean"]},"stat.useItem.330":1,"stat.craftItem.89":16,"stat.mineBlock.4":506,"stat.mineBlock.5":229,"stat.mineBlock.3":344,"stat.mineBlock.1":47,"stat.craftItem.116":1,"stat.craftItem.359":6,"stat.mineBlock.6":56,"stat.flyOneCm":2605634,"stat.craftItem.351":1975,"stat.useItem.101":1,"stat.ae2.TurnedCranks":991,"stat.breakItem.291":3,"stat.craftItem.20":500,"stat.craftItem.24":18,"stat.craftItem.22":13,"stat.killEntity.Creeper":16,"stat.killEntity.Blitz":99,"achievement.aLotOfCrafting":7,"stat.craftItem.35":32,"stat.craftItem.33":31,"achievement.buildSword":60,"stat.craftItem.405":153,"stat.craftItem.406":11,"stat.craftItem.47":18,"stat.craftItem.322":1,"stat.craftItem.44":486,"achievement.killEnemy":462,"achievement.buildFurnace":122,"stat.craftItem.58":34,"stat.drop":5044,"stat.craftItem.53":8,"stat.craftItem.50":388,"achievement.oddlyFamiliar":3,"stat.craftItem.57":1,"stat.craftItem.54":234,"stat.killEntity.Zombie":23,"stat.diveOneCm":45908,"dw9x9":27,"stat.useItem.67":18,"stat.useItem.61":1,"achievement.buildHoe":7,"stat.mineBlock.82":136,"stat.mineBlock.87":34129,"stat.useItem.69":7,"stat.mineBlock.89":222,"stat.mineBlock.88":715,"stat.useItem.77":2,"stat.craftItem.297":18,"stat.jump":14939,"stat.useItem.73":45,"achievement.stoneGear":23,"stat.useItem.70":1,"stat.craftItem.291":4,"stat.craftItem.172":324,"stat.breakItem.359":1,"achievement.makeBread":34,"stat.mineBlock.98":2,"stat.mineBlock.69":3,"stat.useItem.42":2,"stat.useItem.44":399,"stat.useItem.41":29,"stat.damageTaken":88467,"stat.mineBlock.61":1,"achievement.cfm_install":64,"stat.useItem.47":25,"stat.mineBlock.67":3,"stat.useItem.49":48,"stat.useItem.54":71,"stat.mineBlock.79":27,"stat.useItem.56":11,"stat.useItem.50":348,"tconstruct.tinkerer":75,"stat.damageDealt":9375,"stat.mineBlock.70":1,"stat.mineBlock.73":37,"stat.useItem.58":3,"stat.mineBlock.78":4,"stat.mineBlock.77":1,"stat.useItem.20":15,"stat.craftItem.261":1,"stat.mineBlock.47":10,"stat.useItem.21":10,"stat.craftItem.263":76,"stat.mineBlock.49":26,"stat.useItem.397":3,"stat.useItem.22":1,"stat.craftItem.264":8,"stat.useItem.154":15,"stat.craftItem.265":2936,"stat.walkOneCm":13050928,"stat.craftItem.266":154,"stat.craftItem.145":4,"stat.animalsBred":1,"stat.useItem.159":244,"stat.craftItem.267":9,"stat.craftItem.268":9,"stat.craftItem.380":21,"stat.craftItem.381":27,"stat.craftItem.258":3,"stat.craftItem.259":1,"stat.craftItem.139":342,"stat.mineBlock.41":29,"stat.mineBlock.42":2,"stat.mineBlock.44":183,"stat.mineBlock.58":1,"stat.craftItem.371":252,"achievement.immersiveengineering.openManual":1,"stat.useItem.33":1,"stat.craftItem.256":1,"stat.craftItem.257":2,"stat.mineBlock.101":1,"stat.craftItem.126":300,"stat.mineBlock.50":140,"stat.useItem.39":1,"stat.killEntity.Basalz":1,"stat.mineBlock.54":47,"stat.useItem.291":7,"stat.mineBlock.56":1,"stat.craftItem.283":9,"stat.killEntity.Skeleton":35,"stat.useItem.139":291,"stat.useItem.259":2,"stat.craftItem.280":1498,"stat.killEntity.Spider":11,"achievement.buildBetterFurnace":99,"achievement.immersiveengineering.placeConveyor":3,"stat.craftItem.159":320,"stat.mobKills":507,"stat.mineBlock.21":10,"stat.mineBlock.20":15,"stat.mineBlock.22":1,"stat.craftItem.272":9,"stat.craftItem.152":29,"stat.mineBlock.38":7,"stat.useItem.12":21,"stat.craftItem.154":9,"stat.mineBlock.37":9,"stat.craftItem.155":4,"stat.useItem.145":1,"stat.craftItem.148":43,"stat.useItem.17":6,"stat.mineBlock.30":12,"stat.useItem.13":24,"stat.mineBlock.31":125,"stat.useItem.14":2,"stat.useItem.15":2}